report_id,submitted_at,submission_channel,reporting_institution,reporting_institution_name,reporting_system,transaction_ref,transaction_timestamp,subject_account_hash,subject_customer_hash,destination_account_hash,destination_msisdn_hash,destination_institution,amount,currency,channel,bank_risk_score,bank_threshold,risk_codes,evidence_device_profile,evidence_account_age_days,evidence_distinct_senders_7d,evidence_flow_through_ratio,evidence_dwell_minutes,evidence_sim_swap_age_days,narrative,_gt_is_fraud,_gt_campaign
rpt-db65a30c4eb0,2026-09-01T08:59:10Z,webhook,psp_c,Mobile Money PSP C,AG Screener,evt-a367524ca003,2026-09-01T08:37:10Z,sha256:5160ac044e423ea085a2,sha256:69eb9facb804380ae0e6,sha256:5160ac044e423ea085a2,,,24263.49,KES,mobile_app,0.5,0.4,BEN-450,dp:16f328cdede567d0,1033,0,,,,Mobile Money PSP C AG Screener flagged beneficiary_add of KES 24263.49 at score 0.5.,false,
rpt-99916c8c9e01,2026-09-01T11:28:29Z,webhook,psp_c,Mobile Money PSP C,AG Screener,evt-bd667ea2a10d,2026-09-01T11:17:29Z,sha256:2c15db3d513baa0c3e14,sha256:bf4a14ac43c766d973a3,sha256:2c15db3d513baa0c3e14,sha256:6f56ad315c40491a00d0,,58406.97,KES,mobile_app,0.47,0.4,VEL-431,dp:e938c6c956c28480,2282,0,,,,Mobile Money PSP C AG Screener flagged transfer_out of KES 58406.97 at score 0.47.,false,
rpt-c3d5a4dfaf7a,2026-09-01T18:21:29Z,webhook,psp_c,Mobile Money PSP C,AG Screener,evt-cf4e8f500b4d,2026-09-01T17:54:29Z,sha256:9dc3e7c67f2adabb2b84,sha256:e27df53d6fcf9c256aff,sha256:9dc3e7c67f2adabb2b84,,,0.0,KES,mobile_app,0.51,0.4,VEL-429,dp:f1fa26c0ef10f181,1068,0,,,,Mobile Money PSP C AG Screener flagged login of KES 0.0 at score 0.51.,false,
rpt-ae99652e1169,2026-09-02T00:10:12Z,webhook,psp_c,Mobile Money PSP C,AG Screener,evt-916206afbb03,2026-09-02T00:05:12Z,sha256:1eef1ef1d9b807c2d3b3,sha256:75868246dba253dab80d,sha256:1eef1ef1d9b807c2d3b3,sha256:8423a1cbb17b61423190,,184395.74,KES,internet_banking,0.81,0.4,BEN-450|IP-401|ATO-461,dp:d99bb549cbfa0336,391,0,,,,Mobile Money PSP C AG Screener flagged wallet_topup of KES 184395.74 at score 0.81.,false,
rpt-de582c3d5aec,2026-09-02T02:07:37Z,rest,bank_b,Tier-2 Bank B,AG Screener,evt-5af99d6872cb,2026-09-02T02:01:37Z,sha256:df4c620813c0f7f049bb,sha256:b88f71532c03e6388eb0,sha256:df4c620813c0f7f049bb,,,184102.7,KES,mobile_app,0.47,0.5,BEN-450|ATO-461,dp:1af2d799c56d0a4f,32,0,,,,Tier-2 Bank B AG Screener flagged beneficiary_add of KES 184102.7 at score 0.47.,false,
rpt-70fa1495bd60,2026-09-02T21:17:40Z,soc_connector,bank_a,Tier-1 Bank A,AG Screener,evt-a6c37e33a7ef,2026-09-02T20:41:40Z,sha256:0d0af57b298ea32db9fe,sha256:451379c00b9a61a2376f,sha256:cdbf452d3becd6e15bf1,,,32980.64,KES,mobile_app,0.5,0.45,BEN-450,dp:8be74a8f061b2fd0,2797,18,,,,Tier-1 Bank A AG Screener flagged transfer_out of KES 32980.64 at score 0.5.,false,
rpt-f47d287b3d53,2026-09-02T21:25:03Z,soc_connector,bank_a,Tier-1 Bank A,AG Screener,evt-248bba87077f,2026-09-02T21:17:03Z,sha256:2cdc71ee285eca3f7a6b,sha256:b121f56d3f4836563b7a,sha256:2cdc71ee285eca3f7a6b,sha256:4870f4c5c9c63e070d48,,8492.1,KES,mobile_app,0.49,0.45,IP-401,dp:e2f2bec4be2ea5d3,1735,0,,,,Tier-1 Bank A AG Screener flagged transfer_out of KES 8492.1 at score 0.49.,false,
rpt-0b0a038ef762,2026-09-03T02:33:59Z,rest,bank_b,Tier-2 Bank B,AG Screener,evt-4d1ed25a1980,2026-09-03T02:08:59Z,sha256:0cb16b0a70f36277f337,sha256:68a784be0e802aef57a2,sha256:0cb16b0a70f36277f337,,,144207.35,KES,internet_banking,0.46,0.5,BEN-450|IP-401|ATO-461,dp:d75735794167da1f,2329,0,,,,Tier-2 Bank B AG Screener flagged transfer_in of KES 144207.35 at score 0.46.,false,
rpt-3902ee4325ad,2026-09-03T03:28:36Z,webhook,psp_c,Mobile Money PSP C,AG Screener,evt-cb2a978714cd,2026-09-03T02:49:36Z,sha256:fc2b4e708dd08ba0180c,sha256:445859900624965f899e,sha256:fc2b4e708dd08ba0180c,,,0.0,KES,internet_banking,0.45,0.4,ATO-461,dp:10ace20c5c453ec1,16,0,,,,Mobile Money PSP C AG Screener flagged login of KES 0.0 at score 0.45.,false,
rpt-f00763f25eec,2026-09-03T17:27:45Z,webhook,psp_c,Mobile Money PSP C,AG Screener,evt-9169a7802883,2026-09-03T17:22:45Z,sha256:812ed8fbfd82e0c055df,sha256:e7d9cba712e5db90f125,sha256:812ed8fbfd82e0c055df,,,75149.74,KES,ussd,0.47,0.4,VEL-431,dp:e2eb1c0474255845,16,0,,,,Mobile Money PSP C AG Screener flagged transfer_in of KES 75149.74 at score 0.47.,false,
rpt-d177a3715c03,2026-09-04T04:07:59Z,soc_connector,bank_a,Tier-1 Bank A,AG Screener,evt-4a93e9d7b664,2026-09-04T03:33:59Z,sha256:685ed147a32f7235838c,sha256:476f304f291dcca271e0,sha256:685ed147a32f7235838c,,,0.0,KES,mobile_app,0.45,0.45,ATO-461,dp:afa0aedcec82f932,335,0,,,,Tier-1 Bank A AG Screener flagged login of KES 0.0 at score 0.45.,false,
rpt-168e255e4642,2026-09-04T04:34:55Z,soc_connector,bank_a,Tier-1 Bank A,AG Screener,evt-80610b5fdef4,2026-09-04T04:19:55Z,sha256:2370881ce42155a3c261,sha256:11e21b1457af52bf99c2,sha256:bb59ac657c996cf7e01f,,,15300.57,KES,agent,0.6,0.45,BEN-450|ATO-461,dp:61feccc05a68adb8,2827,17,,,,Tier-1 Bank A AG Screener flagged transfer_out of KES 15300.57 at score 0.6.,false,
rpt-88333de63237,2026-09-04T06:37:32Z,soc_connector,bank_a,Tier-1 Bank A,AG Screener,evt-c1fb84fc82d7,2026-09-04T06:04:32Z,sha256:5cb4d2819e14c971aca6,sha256:51976daa1e8d9e50c6db,sha256:a506d4cfdd6eb4ffb605,,bank_b,0.0,KES,mobile_app,0.29,0.45,BEN-450|IP-401|ATO-460,dp:e528e370f0a806f1,1340,0,,,,Tier-1 Bank A AG Screener flagged beneficiary_add of KES 0.0 at score 0.29.,true,CAMP-001
rpt-2203a792730a,2026-09-04T06:45:50Z,soc_connector,bank_a,Tier-1 Bank A,AG Screener,evt-0bdc2d1b97da,2026-09-04T06:09:50Z,sha256:5cb4d2819e14c971aca6,sha256:51976daa1e8d9e50c6db,sha256:a506d4cfdd6eb4ffb605,,bank_b,62000,KES,mobile_app,0.26,0.45,VEL-431|IP-401,dp:e528e370f0a806f1,1340,0,,,,Tier-1 Bank A AG Screener flagged transfer_out of KES 62000 at score 0.26.,true,CAMP-001
rpt-9e3cd56ba7f5,2026-09-04T07:39:24Z,webhook,psp_c,Mobile Money PSP C,AG Screener,evt-d1a84201d0df,2026-09-04T07:35:24Z,sha256:c3427d13cf55ff33d84f,sha256:d04160948de3d4ecbfae,sha256:c8a5c084b032f2e9c2ec,,,14333.92,KES,api,0.5,0.4,BEN-450,dp:f2eda94a94d30639,1469,124,,,,Mobile Money PSP C AG Screener flagged transfer_out of KES 14333.92 at score 0.5.,false,
rpt-798134b5048d,2026-09-04T08:08:28Z,soc_connector,bank_a,Tier-1 Bank A,AG Screener,evt-a76620503bf8,2026-09-04T07:39:28Z,sha256:20b5dde5fd9fd2b4c6af,sha256:3179b2d3dce4da38fe6f,sha256:a506d4cfdd6eb4ffb605,,bank_b,0.0,KES,mobile_app,0.29,0.45,BEN-450|IP-401|ATO-460,dp:e528e370f0a806f1,1392,0,,,,Tier-1 Bank A AG Screener flagged beneficiary_add of KES 0.0 at score 0.29.,true,CAMP-001
rpt-0c2f57c0a172,2026-09-04T09:36:44Z,soc_connector,bank_a,Tier-1 Bank A,AG Screener,evt-0bed034c9e37,2026-09-04T09:14:44Z,sha256:f74e8390003bb515b7a6,sha256:8a51f29e95137897e957,sha256:a506d4cfdd6eb4ffb605,,bank_b,0.0,KES,mobile_app,0.29,0.45,BEN-450|IP-401|ATO-460,dp:e528e370f0a806f1,194,0,,,,Tier-1 Bank A AG Screener flagged beneficiary_add of KES 0.0 at score 0.29.,true,CAMP-001
rpt-d765289a202e,2026-09-04T09:50:33Z,soc_connector,bank_a,Tier-1 Bank A,AG Screener,evt-eafb0532ac58,2026-09-04T09:19:33Z,sha256:f74e8390003bb515b7a6,sha256:8a51f29e95137897e957,sha256:a506d4cfdd6eb4ffb605,,bank_b,71000,KES,mobile_app,0.26,0.45,VEL-431|IP-401,dp:e528e370f0a806f1,194,0,,,,Tier-1 Bank A AG Screener flagged transfer_out of KES 71000 at score 0.26.,true,CAMP-001
rpt-8ae2b9a72e28,2026-09-04T16:00:01Z,soc_connector,bank_a,Tier-1 Bank A,AG Screener,evt-fb39219979bb,2026-09-04T15:31:01Z,sha256:44f35dc0bbc6f002de50,sha256:48fe2023ad5d8cfb08d4,sha256:44f35dc0bbc6f002de50,,,0.0,KES,api,0.49,0.45,IP-401,dp:62dfa75357911522,143,0,,,,Tier-1 Bank A AG Screener flagged login of KES 0.0 at score 0.49.,false,
rpt-589d212f20a6,2026-09-04T19:02:23Z,batch,sacco_d,SACCO D,AG Screener,evt-3386db87abdc,2026-09-04T11:06:23Z,sha256:a72b87e19cb34672d960,sha256:25ffaa395e44e861c8ef,sha256:a72b87e19cb34672d960,,,169912.96,KES,ussd,0.72,0.6,BEN-450,dp:aba0bf1fa798b232,2784,0,,,,SACCO D AG Screener flagged beneficiary_add of KES 169912.96 at score 0.72.,false,
rpt-21ed853cf4a6,2026-09-04T21:23:46Z,webhook,psp_c,Mobile Money PSP C,AG Screener,evt-3e4f2c3a2759,2026-09-04T21:17:46Z,sha256:382e133a94e6601e6c09,sha256:3bf85d891a1e59f1d480,sha256:382e133a94e6601e6c09,sha256:55003570f7c119d9aa58,,54045.54,KES,internet_banking,0.47,0.4,VEL-431,dp:76e144b840f2d04c,1433,0,,,,Mobile Money PSP C AG Screener flagged wallet_topup of KES 54045.54 at score 0.47.,false,
rpt-d43a8224b3ba,2026-09-05T09:17:54Z,webhook,psp_c,Mobile Money PSP C,AG Screener,evt-6c0be0874ddd,2026-09-05T09:00:54Z,sha256:65de9d372e4972cca2a8,sha256:ce2386279956c33fdef5,sha256:65de9d372e4972cca2a8,,,173533.78,KES,agent,0.57,0.4,BEN-450|MUL-441|MUL-442|MUL-440,dp:f6c92cfb326a8772,3,22,0.913,7,,Mobile Money PSP C AG Screener flagged agent_withdrawal of KES 173533.78 at score 0.57.,false,
rpt-405b933e263e,2026-09-05T11:59:22Z,soc_connector,bank_a,Tier-1 Bank A,AG Screener,evt-f734ae94b1d3,2026-09-05T11:52:22Z,sha256:479780ef72bea3db08ef,sha256:7c3f9fbc3c7ebf037067,sha256:479780ef72bea3db08ef,,,89895.76,KES,mobile_app,0.47,0.45,VEL-431,dp:256a10ade4d2cc81,1911,0,,,,Tier-1 Bank A AG Screener flagged transfer_in of KES 89895.76 at score 0.47.,false,
rpt-33d6172c86e1,2026-09-05T12:19:06Z,batch,sacco_d,SACCO D,AG Screener,evt-14557ece3c32,2026-09-04T17:03:06Z,sha256:e7590eecd4369f57c171,sha256:38ba41ef0c3c39fb6306,sha256:e7590eecd4369f57c171,sha256:380b6a15f7e0502ed5f6,,109629.7,KES,mobile_app,0.71,0.6,BEN-450|IP-401,dp:ae8dc7fa77532974,1701,0,,,,SACCO D AG Screener flagged transfer_out of KES 109629.7 at score 0.71.,false,
rpt-855afb077e0a,2026-09-05T13:36:23Z,rest,bank_b,Tier-2 Bank B,AG Screener,evt-c50816477eab,2026-09-05T12:59:23Z,sha256:81ab5380a44629ed99de,sha256:783769cfb7ec54ebd6a7,sha256:81ab5380a44629ed99de,sha256:3373308cc0e469120682,,53923.53,KES,ussd,0.47,0.5,VEL-431,dp:d65402b4f51a5652,2181,0,,,,Tier-2 Bank B AG Screener flagged transfer_out of KES 53923.53 at score 0.47.,false,
rpt-64905bf2970b,2026-09-05T15:07:39Z,soc_connector,bank_a,Tier-1 Bank A,AG Screener,evt-6d52c5c75a1d,2026-09-05T14:38:39Z,sha256:41b0acc1d59db3d6f70d,sha256:6ae925a14bbe6deaeca5,sha256:41b0acc1d59db3d6f70d,sha256:407f3442e8f510a269de,,2010.15,KES,ussd,0.51,0.45,VEL-429,dp:a5b06ad28d0c64f2,1607,0,,,,Tier-1 Bank A AG Screener flagged wallet_topup of KES 2010.15 at score 0.51.,false,
rpt-2ef0584a415a,2026-09-05T16:39:25Z,webhook,psp_c,Mobile Money PSP C,AG Screener,evt-dc66e6e097b7,2026-09-05T16:01:25Z,sha256:5c23b12822c33e58416b,sha256:6a8b1061b1126a4f9621,sha256:bb59ac657c996cf7e01f,,,6041.19,KES,ussd,0.5,0.4,BEN-450,dp:6a1b48c2365c1d6b,1130,14,,,,Mobile Money PSP C AG Screener flagged transfer_out of KES 6041.19 at score 0.5.,false,
rpt-433630f7756b,2026-09-05T22:56:29Z,batch,sacco_d,SACCO D,AG Screener,evt-46de645b7ebb,2026-09-05T15:55:29Z,sha256:cd1cd1e71f4b33b767ba,sha256:a44f890514d109568b68,sha256:cd1cd1e71f4b33b767ba,sha256:9cbff5d74010e55c384f,,14522.04,KES,internet_banking,0.51,0.6,VEL-429,dp:68091445f1909577,212,0,,,,SACCO D AG Screener flagged wallet_topup of KES 14522.04 at score 0.51.,false,
rpt-d191ae964f08,2026-09-06T10:07:06Z,rest,bank_b,Tier-2 Bank B,AG Screener,evt-aac656a5ced4,2026-09-06T09:28:06Z,sha256:f8e5f67c3cddef0583d9,sha256:b3809205aee5b005e878,sha256:0dd3c70f73def56ed7d4,,psp_c,52230.06,KES,ussd,0.27,0.5,VEL-431|BEN-450,dp:14eac82dcbd95cc7,2054,7,,,,Tier-2 Bank B AG Screener flagged transfer_out of KES 52230.06 at score 0.27.,true,CAMP-002
rpt-b2bda6d3debd,2026-09-06T10:21:22Z,webhook,psp_c,Mobile Money PSP C,AG Screener,evt-e8b1eb1c8533,2026-09-06T09:56:22Z,sha256:8eb9b7e24592598252dd,sha256:9c1ca079be45b7a69018,sha256:8eb9b7e24592598252dd,sha256:1dab72d01f6d563bca88,,240508.49,KES,agent,0.42,0.4,BEN-450|IP-403|MUL-441|MUL-442|MUL-440,dp:bff0e140d486cc95,3,7,0.933,5,,Mobile Money PSP C AG Screener flagged agent_withdrawal of KES 240508.49 at score 0.42.,true,CAMP-002
rpt-c0858e656e31,2026-09-06T10:26:00Z,soc_connector,bank_a,Tier-1 Bank A,AG Screener,evt-7997932e2ba1,2026-09-06T10:17:00Z,sha256:cdf8c5510d57b275dc56,sha256:9c2e1361afa5fce26ea5,sha256:cdf8c5510d57b275dc56,,,53068.15,KES,ussd,0.47,0.45,VEL-431,dp:1f027c8023ffddc6,141,0,,,,Tier-1 Bank A AG Screener flagged transfer_in of KES 53068.15 at score 0.47.,false,
rpt-d05162ba58c3,2026-09-06T12:51:59Z,soc_connector,bank_a,Tier-1 Bank A,AG Screener,evt-1b0bc8737203,2026-09-06T12:30:59Z,sha256:587038e8378c94c356c0,sha256:dce783e63fa4f5498f85,sha256:d4d25d741ce35144cdf3,,psp_c,69382.07,KES,api,0.27,0.45,VEL-431|BEN-450,dp:dbdeb5102c3fad53,135,8,,,,Tier-1 Bank A AG Screener flagged transfer_out of KES 69382.07 at score 0.27.,true,CAMP-002
rpt-885b411c90a4,2026-09-06T12:54:13Z,soc_connector,bank_a,Tier-1 Bank A,AG Screener,evt-13823b7afacd,2026-09-06T12:37:13Z,sha256:b5747f6538842d51544f,sha256:72ad7e94a2f4625a6a93,sha256:d4d25d741ce35144cdf3,,psp_c,59338.17,KES,agent,0.27,0.45,VEL-431|BEN-450,dp:4a0290f36befa93b,1995,8,,,,Tier-1 Bank A AG Screener flagged transfer_out of KES 59338.17 at score 0.27.,true,CAMP-002
rpt-63864d34c3fd,2026-09-06T13:04:42Z,rest,bank_b,Tier-2 Bank B,AG Screener,evt-745608053451,2026-09-06T12:51:42Z,sha256:639e874bd65c8a092b94,sha256:bd0299177585dc804cfe,sha256:d4d25d741ce35144cdf3,,psp_c,58696.6,KES,api,0.27,0.5,VEL-431|BEN-450,dp:5bb7d8835d9799e8,766,8,,,,Tier-2 Bank B AG Screener flagged transfer_out of KES 58696.6 at score 0.27.,true,CAMP-002
rpt-9a6e3490c3d5,2026-09-06T16:35:42Z,rest,bank_b,Tier-2 Bank B,AG Screener,evt-140901bc5ae7,2026-09-06T16:14:42Z,sha256:98e3f77b8b1fb6ac5945,sha256:807c218a4439f628e696,sha256:3ce7212e87afc8815872,,psp_c,55855.17,KES,internet_banking,0.27,0.5,VEL-431|BEN-450,dp:92b4ff18615bdd61,2274,7,,,,Tier-2 Bank B AG Screener flagged transfer_out of KES 55855.17 at score 0.27.,true,CAMP-002
rpt-6ef1e0375505,2026-09-06T16:45:51Z,soc_connector,bank_a,Tier-1 Bank A,AG Screener,evt-1c9fb8c16f77,2026-09-06T16:07:51Z,sha256:e11ca53a68fe53b50c1f,sha256:e7b6151a16d8c6414f58,sha256:3ce7212e87afc8815872,,psp_c,58631.91,KES,ussd,0.27,0.45,VEL-431|BEN-450,dp:8848f15ddb9dfd1e,158,7,,,,Tier-1 Bank A AG Screener flagged transfer_out of KES 58631.91 at score 0.27.,true,CAMP-002
rpt-17a068ed55f3,2026-09-06T16:50:00Z,webhook,psp_c,Mobile Money PSP C,AG Screener,evt-6636b9fa4263,2026-09-06T16:34:00Z,sha256:9b15ab46bd329976f0fe,sha256:a97f72d706ed96d36220,sha256:9b15ab46bd329976f0fe,sha256:0f8d529353c8fd1cf582,,213291.52,KES,mobile_app,0.57,0.4,BEN-450,dp:44825043c379eea5,1959,0,,,,Mobile Money PSP C AG Screener flagged transfer_out of KES 213291.52 at score 0.57.,false,
rpt-192fd7e7b318,2026-09-06T16:56:35Z,rest,bank_b,Tier-2 Bank B,AG Screener,evt-1bfd77d42a2d,2026-09-06T16:21:35Z,sha256:48e6fb5d6bd0b48982d1,sha256:3807e999cdd018363500,sha256:3ce7212e87afc8815872,,psp_c,50648.02,KES,api,0.27,0.5,VEL-431|BEN-450,dp:2c7a9fba61c50245,595,7,,,,Tier-2 Bank B AG Screener flagged transfer_out of KES 50648.02 at score 0.27.,true,CAMP-002
rpt-ae5bc8d3c967,2026-09-06T17:01:54Z,rest,bank_b,Tier-2 Bank B,AG Screener,evt-42634799b3ee,2026-09-06T16:28:54Z,sha256:4ae9233d1b48f139b9b3,sha256:91196ae56f46c0940ab6,sha256:3ce7212e87afc8815872,,psp_c,60036.79,KES,agent,0.27,0.5,VEL-431|BEN-450,dp:07a04be7df49115c,1009,7,,,,Tier-2 Bank B AG Screener flagged transfer_out of KES 60036.79 at score 0.27.,true,CAMP-002
rpt-654d7a968e82,2026-09-06T17:18:37Z,webhook,psp_c,Mobile Money PSP C,AG Screener,evt-f8ce2f972fb7,2026-09-06T16:55:37Z,sha256:84b577b6e07fc1cf7692,sha256:a07496ed5aa6367ba69d,sha256:84b577b6e07fc1cf7692,sha256:f606fed2f8535b41d6b8,,305843.65,KES,agent,0.34,0.4,BEN-450|IP-403|MUL-441|MUL-442|MUL-440,dp:1012647000072b22,4,7,0.939,3,,Mobile Money PSP C AG Screener flagged agent_withdrawal of KES 305843.65 at score 0.34.,true,CAMP-002
rpt-fd3e2734384f,2026-09-06T18:35:29Z,webhook,psp_c,Mobile Money PSP C,AG Screener,evt-5772e97d9d3c,2026-09-06T18:30:29Z,sha256:4a5adf7528587cdfa2bf,sha256:d3f13ee14485a5bc8c22,sha256:4a5adf7528587cdfa2bf,sha256:005c7b518fccc8363484,,2888.02,KES,internet_banking,0.51,0.4,VEL-429,dp:56453bf4033a4e7e,33,0,,,,Mobile Money PSP C AG Screener flagged transfer_out of KES 2888.02 at score 0.51.,false,
rpt-bf11a76fcdea,2026-09-06T20:04:35Z,rest,bank_b,Tier-2 Bank B,AG Screener,evt-511ac69acff6,2026-09-06T19:44:35Z,sha256:7f5fbf872c681072659c,sha256:6a676633a29a854980f1,sha256:1881ba08d5204566a60c,,psp_c,71717.46,KES,mobile_app,0.27,0.5,VEL-431|BEN-450,dp:8aecef668d2e309e,1995,8,,,,Tier-2 Bank B AG Screener flagged transfer_out of KES 71717.46 at score 0.27.,true,CAMP-002
rpt-3431f6e0ea9a,2026-09-06T20:07:14Z,soc_connector,bank_a,Tier-1 Bank A,AG Screener,evt-e6042d411140,2026-09-06T19:37:14Z,sha256:08675c29f763465a412c,sha256:b1e157b6a0ae08406086,sha256:1881ba08d5204566a60c,,psp_c,69418.92,KES,agent,0.27,0.45,VEL-431|BEN-450,dp:28fd194f7475f4ba,2931,8,,,,Tier-1 Bank A AG Screener flagged transfer_out of KES 69418.92 at score 0.27.,true,CAMP-002
rpt-b7602d57834c,2026-09-06T21:06:36Z,batch,sacco_d,SACCO D,AG Screener,evt-967f3d349fa2,2026-09-06T13:19:36Z,sha256:61e33c6034a61b931d6f,sha256:863fc93b675b87597026,sha256:d4d25d741ce35144cdf3,,psp_c,61421.88,KES,api,0.27,0.6,VEL-431|BEN-450,dp:06886e308b4b3ba5,713,8,,,,SACCO D AG Screener flagged transfer_out of KES 61421.88 at score 0.27.,true,CAMP-002
rpt-6fdb2f9cdb9f,2026-09-06T22:51:16Z,rest,bank_b,Tier-2 Bank B,AG Screener,evt-5a7dff9aaad5,2026-09-06T22:35:16Z,sha256:55825dd45fd5cdbad5f7,sha256:3a6819523895ac0ff9dd,sha256:55825dd45fd5cdbad5f7,,,0.0,KES,agent,0.49,0.5,IP-401,dp:2776ee09b44e89db,2824,0,,,,Tier-2 Bank B AG Screener flagged login of KES 0.0 at score 0.49.,false,
rpt-b09279cb2bf8,2026-09-06T23:20:58Z,rest,bank_b,Tier-2 Bank B,AG Screener,evt-2fb116643443,2026-09-06T23:14:58Z,sha256:19e612b35278d3887de3,sha256:a30bda3e08c9769a85be,sha256:b9b33fefc185885e27ef,,psp_c,67576.56,KES,ussd,0.27,0.5,VEL-431|BEN-450,dp:fd922e5141bd87d7,2656,8,,,,Tier-2 Bank B AG Screener flagged transfer_out of KES 67576.56 at score 0.27.,true,CAMP-002
rpt-da4082fbcca5,2026-09-06T23:30:04Z,rest,bank_b,Tier-2 Bank B,AG Screener,evt-be5595ce49ac,2026-09-06T23:21:04Z,sha256:4a3f58ed0efd47db99d1,sha256:85d4200ceed6f340b3c2,sha256:b9b33fefc185885e27ef,,psp_c,53837.68,KES,api,0.27,0.5,VEL-431|BEN-450,dp:36fb2baf99d6946d,232,8,,,,Tier-2 Bank B AG Screener flagged transfer_out of KES 53837.68 at score 0.27.,true,CAMP-002
rpt-205c3116a65c,2026-09-06T23:40:49Z,soc_connector,bank_a,Tier-1 Bank A,AG Screener,evt-a6f40d3342a9,2026-09-06T23:00:49Z,sha256:0d094ee359db1f3c6805,sha256:59cd1fdedc12059ccc08,sha256:b9b33fefc185885e27ef,,psp_c,57896.55,KES,api,0.27,0.45,VEL-431|BEN-450,dp:8278ac4c7a93a5ae,172,8,,,,Tier-1 Bank A AG Screener flagged transfer_out of KES 57896.55 at score 0.27.,true,CAMP-002
rpt-ed60179c1bd1,2026-09-06T23:48:11Z,batch,sacco_d,SACCO D,AG Screener,evt-62fb7d487c17,2026-09-06T16:42:11Z,sha256:6785f9011a776c380c04,sha256:b1e7b0ecafdb28f13636,sha256:3ce7212e87afc8815872,,psp_c,20061.99,KES,agent,0.5,0.6,BEN-450,dp:9fe015d68131330e,2623,7,,,,SACCO D AG Screener flagged transfer_out of KES 20061.99 at score 0.5.,true,CAMP-002
rpt-88e0fb320fc6,2026-09-07T00:02:34Z,rest,bank_b,Tier-2 Bank B,AG Screener,evt-40d1f9c0de18,2026-09-06T23:28:34Z,sha256:633d9cfa17fcd1022539,sha256:85371c60c4e3c073d237,sha256:b9b33fefc185885e27ef,,psp_c,25420.99,KES,mobile_app,0.31,0.5,BEN-450|VEL-429,dp:834a2b7014f5940f,1760,8,,,,Tier-2 Bank B AG Screener flagged transfer_out of KES 25420.99 at score 0.31.,true,CAMP-002
rpt-bb588aea508e,2026-09-07T00:13:11Z,webhook,psp_c,Mobile Money PSP C,AG Screener,evt-3377f41925b7,2026-09-07T00:01:11Z,sha256:9185fbde67e99b336e0d,sha256:ce8cf1f3f88901e8e6a3,sha256:9185fbde67e99b336e0d,sha256:f606fed2f8535b41d6b8,,310547.48,KES,agent,0.32,0.4,BEN-450|ATO-461|MUL-441|MUL-442|MUL-440,dp:dadd75caf2923f16,7,8,0.96,8,,Mobile Money PSP C AG Screener flagged agent_withdrawal of KES 310547.48 at score 0.32.,true,CAMP-002
rpt-ead0187707bb,2026-09-07T02:31:52Z,batch,sacco_d,SACCO D,AG Screener,evt-5e3e0f4ccffd,2026-09-06T13:12:52Z,sha256:29c7502a375fc7bd61a5,sha256:aab38a9237a23b4d7ec9,sha256:d4d25d741ce35144cdf3,,psp_c,62442.36,KES,api,0.27,0.6,VEL-431|BEN-450,dp:7a00f95ab343017e,140,8,,,,SACCO D AG Screener flagged transfer_out of KES 62442.36 at score 0.27.,true,CAMP-002
rpt-073d6239bb9d,2026-09-07T02:48:22Z,soc_connector,bank_a,Tier-1 Bank A,AG Screener,evt-d845c2cc0469,2026-09-07T02:37:22Z,sha256:04f2ad6d8c1ec0ad8b49,sha256:9646b586661d23065c7f,sha256:ce665b599e6541bb6fd9,,psp_c,25432.82,KES,mobile_app,0.25,0.45,BEN-450|ATO-461,dp:7b765ced2107cee0,2468,6,,,,Tier-1 Bank A AG Screener flagged transfer_out of KES 25432.82 at score 0.25.,true,CAMP-002
rpt-3707ebacecc8,2026-09-07T02:53:02Z,soc_connector,bank_a,Tier-1 Bank A,AG Screener,evt-5224a8aa46eb,2026-09-07T02:30:02Z,sha256:0ea07f972f032e01a604,sha256:a1cbc806a98609238458,sha256:ce665b599e6541bb6fd9,,psp_c,57213.92,KES,ussd,0.37,0.45,VEL-431|BEN-450|ATO-461,dp:47547c826c1221cc,2031,6,,,,Tier-1 Bank A AG Screener flagged transfer_out of KES 57213.92 at score 0.37.,true,CAMP-002
rpt-a2280f10c0a1,2026-09-07T03:17:38Z,rest,bank_b,Tier-2 Bank B,AG Screener,evt-fc10f5631cab,2026-09-07T02:44:38Z,sha256:85c800e7ae1e15f2c75b,sha256:f4346afc31d13cc8919f,sha256:ce665b599e6541bb6fd9,,psp_c,28397.03,KES,internet_banking,0.25,0.5,BEN-450|ATO-461,dp:8dd9d8949382ac07,2729,6,,,,Tier-2 Bank B AG Screener flagged transfer_out of KES 28397.03 at score 0.25.,true,CAMP-002
rpt-c2398b860eb9,2026-09-07T03:19:12Z,rest,bank_b,Tier-2 Bank B,AG Screener,evt-ca61e49c2e59,2026-09-07T02:51:12Z,sha256:54089c07637a5a09432f,sha256:4ecf030ac1e41e4f23f1,sha256:ce665b599e6541bb6fd9,,psp_c,30304.25,KES,agent,0.25,0.5,BEN-450|ATO-461,dp:dad2aea1553bc39f,1311,6,,,,Tier-2 Bank B AG Screener flagged transfer_out of KES 30304.25 at score 0.25.,true,CAMP-002
rpt-7ff42ca25312,2026-09-07T03:52:26Z,webhook,psp_c,Mobile Money PSP C,AG Screener,evt-b80c4cdb7b89,2026-09-07T03:15:26Z,sha256:19a087f108f4ea5c69cc,sha256:678ff66055fc61ed44bb,sha256:19a087f108f4ea5c69cc,sha256:f606fed2f8535b41d6b8,,202859.11,KES,agent,0.64,0.4,BEN-450|IP-403|ATO-461|MUL-441|MUL-442|MUL-440,dp:17e5e2bdcb56a0f9,2,6,0.956,3,,Mobile Money PSP C AG Screener flagged agent_withdrawal of KES 202859.11 at score 0.64.,true,CAMP-002
rpt-b83418efc94d,2026-09-07T06:03:02Z,batch,sacco_d,SACCO D,AG Screener,evt-23f903188df0,2026-09-06T09:35:02Z,sha256:534268ef9c5b5ff99306,sha256:3d5b51ad54c111715b06,sha256:0dd3c70f73def56ed7d4,,psp_c,66214.98,KES,ussd,0.27,0.6,VEL-431|BEN-450,dp:c974ce30d039f60e,1976,7,,,,SACCO D AG Screener flagged transfer_out of KES 66214.98 at score 0.27.,true,CAMP-002
rpt-854544940c3e,2026-09-07T06:24:38Z,batch,sacco_d,SACCO D,AG Screener,evt-00964bcb7474,2026-09-06T23:49:38Z,sha256:fe1de238b59d189319f2,sha256:a2863b110b5f207581a8,sha256:b9b33fefc185885e27ef,,psp_c,22404.48,KES,internet_banking,0.5,0.6,BEN-450,dp:b45d7ee2321ef8b9,1187,8,,,,SACCO D AG Screener flagged transfer_out of KES 22404.48 at score 0.5.,true,CAMP-002
rpt-c182d49f81be,2026-09-07T09:18:55Z,batch,sacco_d,SACCO D,AG Screener,evt-1c6ef972ac21,2026-09-07T02:58:55Z,sha256:3ad1119ca7b4d158c0a2,sha256:66b98c1cfff71c939ece,sha256:ce665b599e6541bb6fd9,,psp_c,44473.57,KES,internet_banking,0.25,0.6,BEN-450|ATO-461,dp:6e15d966795e35d2,1000,6,,,,SACCO D AG Screener flagged transfer_out of KES 44473.57 at score 0.25.,true,CAMP-002
rpt-d7c23add83f9,2026-09-07T10:43:47Z,batch,sacco_d,SACCO D,AG Screener,evt-7e45a404db9b,2026-09-07T03:05:47Z,sha256:ce5d050fac4d5c5d0a62,sha256:899368f582725990ba62,sha256:ce665b599e6541bb6fd9,,psp_c,29518.61,KES,mobile_app,0.25,0.6,BEN-450|ATO-461,dp:84e3fa8406996210,2839,6,,,,SACCO D AG Screener flagged transfer_out of KES 29518.61 at score 0.25.,true,CAMP-002
rpt-8844a970ea5b,2026-09-07T12:43:46Z,batch,sacco_d,SACCO D,AG Screener,evt-49c59f2504d3,2026-09-06T18:11:46Z,sha256:aae13e2e67584cd9b8cf,sha256:56fbd21339243ba99bfe,sha256:aae13e2e67584cd9b8cf,,,84934.53,KES,api,0.47,0.6,VEL-431,dp:4e088925d1028b07,40,0,,,,SACCO D AG Screener flagged transfer_in of KES 84934.53 at score 0.47.,false,
rpt-7c61aaf40019,2026-09-07T13:37:57Z,rest,bank_b,Tier-2 Bank B,AG Screener,evt-98ba071ffa5c,2026-09-07T13:00:57Z,sha256:8c1d403e874ab886a686,sha256:56adc6f9a3cb20ebf99e,sha256:3ce7212e87afc8815872,,psp_c,0.0,KES,ussd,0.41,0.5,VEL-429|IP-402,dp:e528e370f0a806f1,339,0,,,1,Tier-2 Bank B AG Screener flagged sim_change_flag of KES 0.0 at score 0.41.,true,CAMP-003
rpt-390d725be7d0,2026-09-07T13:48:16Z,rest,bank_b,Tier-2 Bank B,AG Screener,evt-3620a2714f73,2026-09-07T13:38:16Z,sha256:8c1d403e874ab886a686,sha256:56adc6f9a3cb20ebf99e,sha256:3ce7212e87afc8815872,,psp_c,0.0,KES,ussd,0.55,0.5,IP-401|VEL-429|IP-402,dp:e528e370f0a806f1,339,0,,,1,Tier-2 Bank B AG Screener flagged device_registration of KES 0.0 at score 0.55.,true,CAMP-003
rpt-af7263fed914,2026-09-07T14:00:20Z,rest,bank_b,Tier-2 Bank B,AG Screener,evt-641d30e0229e,2026-09-07T13:49:20Z,sha256:8c1d403e874ab886a686,sha256:56adc6f9a3cb20ebf99e,sha256:3ce7212e87afc8815872,,psp_c,96500.0,KES,agent,0.82,0.5,VEL-431|BEN-450|IP-401|VEL-429|IP-402|ATO-460,dp:e528e370f0a806f1,339,0,,,1,Tier-2 Bank B AG Screener flagged transfer_out of KES 96500.0 at score 0.82.,true,CAMP-003
rpt-ae931bda81f2,2026-09-07T14:01:07Z,rest,bank_b,Tier-2 Bank B,AG Screener,evt-37e25625f0e1,2026-09-07T13:41:07Z,sha256:8c1d403e874ab886a686,sha256:56adc6f9a3cb20ebf99e,sha256:3ce7212e87afc8815872,,psp_c,0.0,KES,mobile_app,0.55,0.5,IP-401|VEL-429|IP-402,dp:e528e370f0a806f1,339,0,,,1,Tier-2 Bank B AG Screener flagged login of KES 0.0 at score 0.55.,true,CAMP-003
rpt-683ff25168a7,2026-09-07T14:12:30Z,rest,bank_b,Tier-2 Bank B,AG Screener,evt-8a91d4e57958,2026-09-07T13:44:30Z,sha256:8c1d403e874ab886a686,sha256:56adc6f9a3cb20ebf99e,sha256:3ce7212e87afc8815872,,psp_c,0.0,KES,internet_banking,0.7,0.5,BEN-450|IP-401|VEL-429|IP-402|ATO-460,dp:e528e370f0a806f1,339,0,,,1,Tier-2 Bank B AG Screener flagged beneficiary_add of KES 0.0 at score 0.7.,true,CAMP-003
rpt-fcbc45f12a9e,2026-09-07T18:58:54Z,batch,sacco_d,SACCO D,AG Screener,evt-9db8db53b4ca,2026-09-06T23:42:54Z,sha256:bab96cb4f5d8e675c66d,sha256:16756818da9d5bf83b6c,sha256:b9b33fefc185885e27ef,,psp_c,50118.09,KES,api,0.27,0.6,VEL-431|BEN-450,dp:c569472466e3e47a,1100,8,,,,SACCO D AG Screener flagged transfer_out of KES 50118.09 at score 0.27.,true,CAMP-002
rpt-58d14eb812cc,2026-09-08T08:28:59Z,webhook,psp_c,Mobile Money PSP C,AG Screener,evt-a8eb7950f5d6,2026-09-08T07:52:59Z,sha256:128d10e27f1943a4d0f0,sha256:aa10ff8af841b5f29083,sha256:128d10e27f1943a4d0f0,sha256:d777ddb7544f42b8e3d5,,234082.4,KES,mobile_app,0.57,0.4,BEN-450,dp:97546e10253eacdd,2330,0,,,,Mobile Money PSP C AG Screener flagged transfer_out of KES 234082.4 at score 0.57.,false,
rpt-af44879ad5dc,2026-09-08T13:42:08Z,rest,bank_b,Tier-2 Bank B,AG Screener,evt-af7206817cb5,2026-09-08T13:33:08Z,sha256:6f6168602682c03ddc1f,sha256:c0a0ab0739569916fde2,sha256:6f6168602682c03ddc1f,,,1206.44,KES,api,0.5,0.5,BEN-450,dp:0f825d6119df846a,165,0,,,,Tier-2 Bank B AG Screener flagged beneficiary_add of KES 1206.44 at score 0.5.,false,
rpt-4d31cbe08b96,2026-09-08T17:05:15Z,rest,bank_b,Tier-2 Bank B,AG Screener,evt-fccabba62fd3,2026-09-08T16:27:15Z,sha256:e11559ea6f2d42fdd1e6,sha256:a131a61d7d2686dedecb,sha256:bb59ac657c996cf7e01f,,,34650.16,KES,internet_banking,0.5,0.5,BEN-450,dp:07494dd36ff1cf33,1716,13,,,,Tier-2 Bank B AG Screener flagged transfer_out of KES 34650.16 at score 0.5.,false,
rpt-b7c8b5d6b46b,2026-09-08T20:14:48Z,soc_connector,bank_a,Tier-1 Bank A,AG Screener,evt-09b153ff78a7,2026-09-08T19:53:48Z,sha256:d5bb9248eb58609521c9,sha256:3960623b2b400baaa7ff,sha256:d5bb9248eb58609521c9,,,11022.66,KES,mobile_app,0.5,0.45,BEN-450,dp:3c5f3e590184e0b5,2368,0,,,,Tier-1 Bank A AG Screener flagged beneficiary_add of KES 11022.66 at score 0.5.,false,
rpt-e275945604d9,2026-09-09T21:25:42Z,webhook,psp_c,Mobile Money PSP C,AG Screener,evt-2c8e54e2f814,2026-09-09T20:48:42Z,sha256:3f2638a35adbe64857b5,sha256:b2087f470a330dd1e8ee,sha256:cdbf452d3becd6e15bf1,,,2305.9,KES,mobile_app,0.5,0.4,BEN-450,dp:29d7d4ae1021d9f1,2843,21,,,,Mobile Money PSP C AG Screener flagged transfer_out of KES 2305.9 at score 0.5.,false,
rpt-bcb096a37d47,2026-09-10T09:35:44Z,rest,bank_b,Tier-2 Bank B,AG Screener,evt-70eeff84b6f1,2026-09-10T09:22:44Z,sha256:6bb71f05245088e285d9,sha256:4af1438bd7bec918e3ab,sha256:6bb71f05245088e285d9,,,0.0,KES,api,0.51,0.5,VEL-429,dp:6b81a41d5f5eb3ec,2797,0,,,,Tier-2 Bank B AG Screener flagged login of KES 0.0 at score 0.51.,false,
rpt-94c06ea77a51,2026-09-10T10:14:12Z,soc_connector,bank_a,Tier-1 Bank A,AG Screener,evt-d3656e77a596,2026-09-10T10:06:12Z,sha256:e6b8ef3176643e5b389a,sha256:5d7f33673b31d260fca5,sha256:e6b8ef3176643e5b389a,sha256:36e03c9c1a19569ac778,,85234.89,KES,api,0.47,0.45,VEL-431,dp:926b0395fd9f3427,87,0,,,,Tier-1 Bank A AG Screener flagged transfer_out of KES 85234.89 at score 0.47.,false,
rpt-cd55bef26ab7,2026-09-10T14:38:10Z,rest,bank_b,Tier-2 Bank B,AG Screener,evt-6bde3274325a,2026-09-10T14:00:10Z,sha256:0bc8c712f8bb08ba51ce,sha256:c27d2868b18b446711dd,sha256:925c8a0fcdae2c92ee35,sha256:f606fed2f8535b41d6b8,,48268.45,KES,internet_banking,0.27,0.5,BEN-450|IP-403,dp:41d18ff598636860,2531,0,,,,Tier-2 Bank B AG Screener flagged transfer_out of KES 48268.45 at score 0.27.,true,CAMP-004
rpt-0ba68a0aa084,2026-09-10T15:31:40Z,rest,bank_b,Tier-2 Bank B,AG Screener,evt-370bbee1aa9b,2026-09-10T15:08:40Z,sha256:19c5d8450fc84e4dd681,sha256:2e237107e063162241e2,sha256:8b5d27be95d3123e15bb,sha256:1dab72d01f6d563bca88,,50498.45,KES,mobile_app,0.39,0.5,VEL-431|BEN-450|IP-403,dp:b709089e1c93695b,2992,0,,,,Tier-2 Bank B AG Screener flagged transfer_out of KES 50498.45 at score 0.39.,true,CAMP-004
rpt-4d30e66cf99a,2026-09-10T16:56:33Z,rest,bank_b,Tier-2 Bank B,AG Screener,evt-a86380593d5e,2026-09-10T16:16:33Z,sha256:14bb00245f2c60103034,sha256:3692c54e04bf270f2626,sha256:f7e0901501bb06e283c8,sha256:1dab72d01f6d563bca88,,55041.95,KES,api,0.27,0.5,VEL-431|BEN-450,dp:6a7fe3a57e7a2fa9,2285,0,,,,Tier-2 Bank B AG Screener flagged transfer_out of KES 55041.95 at score 0.27.,true,CAMP-004
rpt-f8d6489144c6,2026-09-10T17:49:37Z,webhook,psp_c,Mobile Money PSP C,AG Screener,evt-753d10964847,2026-09-10T17:10:37Z,sha256:44aca233694409789bb9,sha256:819dbd180ad84e474dcb,sha256:44aca233694409789bb9,sha256:b31632df727a48b09f73,,231858.21,KES,internet_banking,0.52,0.4,BEN-450|IP-401|VEL-429,dp:83ca97d2ac1c5ffd,1562,0,,,,Mobile Money PSP C AG Screener flagged transfer_out of KES 231858.21 at score 0.52.,false,
rpt-8f544208299c,2026-09-10T17:57:07Z,rest,bank_b,Tier-2 Bank B,AG Screener,evt-f011631c4a24,2026-09-10T17:24:07Z,sha256:7ef78b164c371908e459,sha256:4da09c430c7836e3275e,sha256:e4cbbecbb392179b30b8,sha256:1dab72d01f6d563bca88,,40446.48,KES,agent,0.35,0.5,BEN-450|IP-403,dp:601dcb0614c67906,1563,0,,,,Tier-2 Bank B AG Screener flagged transfer_out of KES 40446.48 at score 0.35.,true,CAMP-004
rpt-fd3963608faf,2026-09-11T01:06:01Z,webhook,psp_c,Mobile Money PSP C,AG Screener,evt-3bb8d6c41566,2026-09-11T00:28:01Z,sha256:ae223e123328834856b7,sha256:8d29096f7bd606b5e67c,sha256:ae223e123328834856b7,,,0.0,KES,mobile_app,0.45,0.4,ATO-461,dp:e6f4adb342ac8c8d,2898,0,,,,Mobile Money PSP C AG Screener flagged login of KES 0.0 at score 0.45.,false,
rpt-5a53b84ea829,2026-09-11T06:16:50Z,batch,sacco_d,SACCO D,AG Screener,evt-e6a1f3f46d5c,2026-09-10T14:34:50Z,sha256:eac31a9a14e8d8f858e5,sha256:ceba754e1efa90c3f7ed,sha256:4f2b6f0c005163e4827f,sha256:f606fed2f8535b41d6b8,,52088.85,KES,ussd,0.27,0.6,VEL-431|BEN-450,dp:caf9a37a7c5aa227,1888,0,,,,SACCO D AG Screener flagged transfer_out of KES 52088.85 at score 0.27.,true,CAMP-004
rpt-d7a00c974dd7,2026-09-11T08:39:13Z,batch,sacco_d,SACCO D,AG Screener,evt-9c73cc3e220a,2026-09-10T15:42:13Z,sha256:d71f08bd82eb39d41481,sha256:8fcfe9c87bd5f6d10a53,sha256:20ddbdaef531153450f4,sha256:f606fed2f8535b41d6b8,,30928.78,KES,agent,0.27,0.6,BEN-450|IP-403,dp:7a7b9d0ba6997c67,53,0,,,,SACCO D AG Screener flagged transfer_out of KES 30928.78 at score 0.27.,true,CAMP-004
rpt-dca2de61d7aa,2026-09-11T14:32:01Z,batch,sacco_d,SACCO D,AG Screener,evt-2cbbb8622ec2,2026-09-10T17:58:01Z,sha256:84b801181501d16f1598,sha256:891f885b0329582b0fc0,sha256:4360d47c8267950795c9,sha256:1dab72d01f6d563bca88,,58173.15,KES,ussd,0.27,0.6,VEL-431|BEN-450,dp:23c9ae07d356a617,2223,0,,,,SACCO D AG Screener flagged transfer_out of KES 58173.15 at score 0.27.,true,CAMP-004
rpt-8582954fe9b9,2026-09-12T12:01:24Z,soc_connector,bank_a,Tier-1 Bank A,AG Screener,evt-1f08b059381f,2026-09-12T11:47:24Z,sha256:7efbfb78b8a554fd1b5c,sha256:356f5407fee567543054,sha256:0baaa7439959b0f58744,,,32541.32,KES,ussd,0.5,0.45,BEN-450,dp:9527b802f401041d,313,14,,,,Tier-1 Bank A AG Screener flagged transfer_out of KES 32541.32 at score 0.5.,false,
rpt-8e5f8e1027ab,2026-09-12T19:01:01Z,webhook,psp_c,Mobile Money PSP C,AG Screener,evt-3d8958a89b01,2026-09-12T18:36:01Z,sha256:2649bc225a7bbf56a7c1,sha256:c58a7a12c48f0ddbf7ea,sha256:cdbf452d3becd6e15bf1,,,16069.58,KES,internet_banking,0.5,0.4,BEN-450,dp:7605a2d5ba3ead1d,1705,16,,,,Mobile Money PSP C AG Screener flagged transfer_out of KES 16069.58 at score 0.5.,false,
rpt-ceb3f1058aba,2026-09-12T19:20:54Z,soc_connector,bank_a,Tier-1 Bank A,AG Screener,evt-af0c7eb29ee4,2026-09-12T19:12:54Z,sha256:5ace74294711e014f5a8,sha256:77b7737322d6b1933f27,sha256:5ace74294711e014f5a8,,,77798.29,KES,internet_banking,0.61,0.45,VEL-431|IP-401,dp:73231e322b05f024,834,0,,,,Tier-1 Bank A AG Screener flagged transfer_in of KES 77798.29 at score 0.61.,false,
rpt-dedd185f08dd,2026-09-13T02:39:34Z,rest,bank_b,Tier-2 Bank B,AG Screener,evt-216f53702dc1,2026-09-13T02:02:34Z,sha256:b5b9b28ac680bf0fd90e,sha256:a5ce5b2b463aa7de2b45,sha256:b5b9b28ac680bf0fd90e,sha256:05e2e7d27660645f3494,,3152.29,KES,internet_banking,0.45,0.5,ATO-461,dp:4bfa63d338385999,1315,0,,,,Tier-2 Bank B AG Screener flagged transfer_out of KES 3152.29 at score 0.45.,false,
rpt-4b3aca5cd20f,2026-09-13T04:46:26Z,rest,bank_b,Tier-2 Bank B,AG Screener,evt-3bcb4dcf60d0,2026-09-13T04:40:26Z,sha256:dc2a1df908040bf58407,sha256:7a62809231198f28249e,sha256:dc2a1df908040bf58407,,,2802.72,KES,mobile_app,0.45,0.5,ATO-461,dp:615c30d92245ddd1,2475,0,,,,Tier-2 Bank B AG Screener flagged agent_withdrawal of KES 2802.72 at score 0.45.,false,
rpt-fea73a6c78d2,2026-09-14T10:45:23Z,webhook,psp_c,Mobile Money PSP C,AG Screener,evt-16a73d9db2c1,2026-09-14T10:30:23Z,sha256:346189d76e8a525fcef7,sha256:26ba86237ef925c51aa7,sha256:346189d76e8a525fcef7,sha256:b10a5be2529d94ea7d18,,103083.2,KES,mobile_app,0.57,0.4,BEN-450,dp:0a03a78b3346dec7,1320,0,,,,Mobile Money PSP C AG Screener flagged transfer_out of KES 103083.2 at score 0.57.,false,
rpt-c73b48dac332,2026-09-14T14:15:52Z,batch,sacco_d,SACCO D,AG Screener,evt-ccda5a2eef74,2026-09-14T07:13:52Z,sha256:4470c8bb512650b28ba6,sha256:320f2a6d0ec4dc95fdbc,sha256:c8a5c084b032f2e9c2ec,,,8639.98,KES,api,0.5,0.6,BEN-450,dp:3db10af603e94a84,31,191,,,,SACCO D AG Screener flagged transfer_out of KES 8639.98 at score 0.5.,false,
